char,level
我,0
你,0
妳,0
他,0
她,0
們,0
您,0
誰,0
人,0
中,0
國,0
美,0
日,0
本,0
台,0
灣,0
名,0
字,0
家,0
電,0
話,0
現,0
在,0
今,0
年,0
天,0
明,0
昨,0
早,0
上,0
午,0
下,0
晚,0
一,0
二,0
三,0
四,0
五,0
六,0
七,0
八,0
九,0
十,0
零,0
兩,0
時,0
候,0
百,0
半,0
爸,0
媽,0
哥,0
弟,0
姊,0
姐,0
妹,0
的,0
第,0
分,0
點,0
個,0
歲,0
住,0
來,0
是,0
姓,0
覺,0
得,0
喜,0
歡,0
打,0
高,0
興,0
漂,0
亮,0
好,0
很,0
真,0
腦,0
老,0
師,0
買,0
忙,0
學,0
生,0
大,0
校,0
筆,0
問,0
說,0
寫,0
聽,0
練,0
習,0
能,0
可,0
以,0
課,0
知,0
道,0
視,0
機,0
水,0
再,0
書,0
影,0
前,0
後,0
走,0
等,0
看,0
什,0
麼,0
朋,0
友,0
東,0
西,0
吧,0
呢,0
嗎,0
找,0
做,0
見,0
怎,0
樣,0
叫,0
謝,0
對,0
不,0
起,0
請,0
這,0
那,0
公,0
共,0
汽,0
車,0
子,0
到,0
去,0
回,0
坐,0
開,0
錢,0
多,0
少,0
給,0
貴,0
便,0
宜,0
小,0
難,0
容,0
易,0
有,0
想,0
幾,0
塊,0
飯,0
吃,0
也,0
沒,0
都,0
只,0
還,0
了,0
過,0
男,0
女,0
孩,0
先,0
太,0
兒,0
路,0
手,0
號,0
碼,0
月,0
星,0
期,0
週,0
末,0
從,0
笑,0
愛,0
快,0
樂,0
非,0
常,0
工,0
作,0
醫,0
院,0
司,0
賣,0
準,0
備,0
些,0
張,0
級,0
英,0
文,0
紙,0
題,0
意,0
思,0
圖,0
館,0
數,0
歷,0
史,0
餐,0
廳,0
參,0
加,0
畫,0
讀,0
會,0
趣,0
為,0
考,0
試,0
懂,0
氣,0
房,0
門,0
山,0
客,0
河,0
狗,0
花,0
風,0
海,0
魚,0
樹,0
冷,0
熱,0
洗,0
澡,0
咖,0
啡,0
茶,0
活,0
用,0
穿,0
床,0
方,0
睡,0
每,0
次,0
音,0
票,0
照,0
片,0
玩,0
跑,0
運,0
動,0
始,0
唱,0
歌,0
信,0
喂,0
介,0
紹,0
換,0
認,0
識,0
關,0
係,0
哪,0
裡,0
面,0
外,0
右,0
邊,0
左,0
旁,0
間,0
地,0
鐵,0
附,0
近,0
離,0
往,0
送,0
帶,0
放,0
拿,0
進,0
出,0
站,0
慢,0
遠,0
身,0
體,0
眼,0
睛,0
藥,0
累,0
雙,0
元,0
鞋,0
褲,0
市,0
場,0
衣,0
服,0
比,0
要,0
長,0
新,0
件,0
杯,0
瓶,0
菜,0
蘋,0
果,0
肉,0
酒,0
喝,0
因,0
和,0
所,0
跟,0
著,0
園,1
城,1
街,1
郵,1
結,1
婚,1
鐘,1
夏,1
冬,1
秋,1
春,1
輕,1
緊,1
胖,1
矮,1
瘦,1
千,1
萬,1
辦,1
室,1
廠,1
護,1
士,1
闆,1
板,1
同,1
事,1
班,1
業,1
功,1
假,1
教,1
廁,1
語,1
言,1
科,1
華,1
黑,1
句,1
注,1
答,1
休,1
息,1
決,1
定,1
記,1
廚,1
窗,1
戶,1
樓,1
梯,1
具,1
椅,1
桌,1
沙,1
發,1
安,1
靜,1
錯,1
湖,1
馬,1
鳥,1
貓,1
雞,1
陽,1
雨,1
雪,1
游,1
泳,1
踢,1
足,1
球,1
籃,1
網,1
棒,1
賽,1
騎,1
腳,1
踏,1
自,1
行,1
步,1
表,1
演,1
輸,1
贏,1
久,1
報,1
禮,1
物,1
迎,1
封,1
寄,1
接,1
局,1
銀,1
警,1
察,1
壞,1
幫,1
計,1
程,1
火,1
飛,1
口,1
旅,1
店,1
觀,1
相,1
景,1
頭,1
髮,1
耳,1
朵,1
指,1
肚,1
健,1
康,1
感,1
冒,1
病,1
受,1
傷,1
餓,1
渴,1
舒,1
鏡,1
痛,1
希,1
望,1
商,1
重,1
斤,1
顏,1
色,1
黃,1
白,1
襪,1
裙,1
短,1
心,1
牛,1
奶,1
蛋,1
餃,1
麵,1
湯,1
包,1
糕,1
香,1
蕉,1
食,1
飲,1
料,1
汁,1
甜,1
單,1
巧,1
克,1
力,1
碗,1
盤,1
址,2
傳,2
留,2
夜,2
拜,2
剛,2
才,2
當,2
然,2
己,2
別,2
紀,2
慣,2
庭,2
父,2
親,2
母,2
爺,2
堂,2
最,2
更,2
愉,2
急,2
擔,2
怕,2
哭,2
麗,2
聰,2
勇,2
敢,2
貌,2
害,2
羞,2
應,2
該,2
經,2
驗,2
辛,2
苦,2
願,2
情,2
幸,2
福,2
憐,2
差,2
職,2
理,2
者,2
務,2
員,2
顧,2
危,2
險,2
全,2
成,2
告,2
算,2
如,2
劃,2
努,2
管,2
畢,2
績,2
費,2
暑,2
寒,2
宿,2
舍,2
操,2
化,2
法,2
漢,2
典,2
鉛,2
尺,2
毛,2
講,2
訴,2
念,2
唸,2
討,2
論,2
解,2
釋,2
瞭,2
清,2
楚,2
無,2
聊,2
遍,2
交,2
借,2
忘,2
寓,2
臥,2
浴,2
牆,2
冰,2
箱,2
燈,2
盒,2
鄰,2
居,2
鬧,2
吵,2
滿,2
乾,2
淨,2
租,2
鄉,2
森,2
林,2
草,2
枝,2
隻,2
虎,2
羊,2
豬,2
雲,2
世,2
界,2
環,2
境,2
晴,2
暖,2
涼,2
溫,2
度,2
空,2
掃,2
搬,2
掛,2
束,2
完,2
散,2
爬,2
跳,2
座,2
位,2
博,2
節,2
目,2
聞,2
政,2
治,2
育,2
平,2
總,2
已,2
各,2
雜,2
誌,2
章,2
故,2
術,2
藝,2
收,2
談,2
遲,2
變,2
舞,2
器,2
吉,2
鋼,2
琴,2
就,2
消,2
又,2
慶,2
祝,2
約,2
卡,2
弄,2
檢,2
查,2
通,2
麻,2
煩,2
偷,2
拉,2
丟,2
啊,2
輛,2
船,2
停,2
搭,2
紅,2
綠,2
橋,2
遊,2
向,2
南,2
部,2
北,2
轉,2
掉,2
直,2
躺,2
李,2
油,2
鑰,2
匙,2
袋,2
里,2
臉,2
腿,2
鼻,2
背,2
嘴,2
巴,2
脖,2
救,2
咳,2
嗽,2
燒,2
疼,2
保,2
牙,2
刷,2
剪,2
恢,2
復,2
命,2
響,2
飽,2
簡,2
超,2
戴,2
流,2
藍,2
錶,2
付,2
襯,2
衫,2
仔,2
內,2
帽,2
皮,2
套,2
舊,2
價,2
格,2
排,2
隊,2
較,2
特,2
般,2
圓,2
光,2
其,2
聲,2
像,2
奇,2
怪,2
死,2
髒,2
需,2
米,2
瓜,2
啤,2
酸,2
鹹,2
辣,2
淇,2
淋,2
餅,2
堡,2
青,2
鹽,2
糖,2
煮,2
條,2
種,2
夠,2
任,2
何,2
味,2
許,2
鮮,2
烤,2
嚐,2
裝,2
刀,2
叉,2
筷,2
但,2
正,2
把,2
被,2
讓,2
或,2
而,2
且,2
雖,2
原,2
必,2
須,2
永,2
阿,3
姨,3
哎,3
唉,3
惜,3
按,3
握,3
擺,3
貨,3
助,3
榜,3
含,3
寶,3
貝,3
守,3
養,3
證,3
証,3
抱,3
怨,3
輩,3
笨,3
逼,3
竟,3
避,3
免,3
鞭,3
炮,3
標,3
達,3
示,3
伯,3
播,3
斷,3
份,3
布,3
佈,3
置,3
擦,3
猜,3
材,3
採,3
層,3
曾,3
異,3
產,3
品,3
嘗,3
炒,3
架,3
禍,3
趁,3
熟,3
承,3
誠,3
實,3
充,3
蟲,3
抽,3
醜,3
臭,3
初,3
版,3
除,3
夕,3
處,3
統,3
串,3
創,3
造,3
吹,3
詞,3
此,3
刺,3
激,3
醋,3
存,3
寸,3
誤,3
挫,3
折,3
仗,3
概,3
陸,3
代,3
替,3
領,3
純,3
淡,3
倒,3
島,3
導,3
底,3
德,3
歉,3
待,3
低,3
敵,3
抵,3
區,3
攤,3
形,3
池,3
調,3
訂,3
逗,3
豆,3
腐,3
漿,3
毒,3
獨,3
段,3
堆,3
象,3
頓,3
嗯,3
童,3
財,3
揮,3
脾,3
律,3
翻,3
譯,3
惱,3
反,3
犯,3
範,3
圍,3
式,3
屋,3
訪,3
豐,3
富,3
俗,3
佛,3
否,3
則,3
夫,3
婦,3
符,3
合,3
利,3
敗,3
負,3
責,3
複,3
改,3
善,3
蓋,3
趕,3
速,3
搞,3
曲,3
隔,3
壁,3
革,3
根,3
據,3
恭,3
貢,3
獻,3
溝,3
購,3
姑,3
娘,3
古,3
蹟,3
刮,3
乖,3
眾,3
罐,3
廣,3
逛,3
規,3
矩,3
模,3
鬼,3
櫃,3
王,3
嗨,3
灘,3
洋,3
航,3
恨,3
厚,3
忽,3
糊,3
塗,3
互,3
滑,3
妝,3
議,3
姻,3
混,3
亂,3
基,3
礎,3
督,3
烈,3
積,3
極,3
及,3
擠,3
既,3
錄,3
憶,3
季,3
技,3
繼,3
續,3
強,3
入,3
值,3
肩,3
膀,3
堅,3
持,3
減,3
建,3
立,3
設,3
將,3
究,3
獎,3
金,3
降,3
醬,3
驕,3
傲,3
郊,3
角,3
授,3
訓,3
觸,3
僅,3
儘,3
盡,3
精,3
神,3
驚,3
訝,3
舅,3
橘,3
舉,3
聚,3
劇,3
拒,3
絕,3
距,3
軍,3
朗,3
棵,3
刻,3
靠,3
惡,3
肯,3
恐,3
誇,3
寬,3
況,3
困,3
擴,3
啦,3
浪,3
漫,3
婆,3
垃,3
圾,3
淚,3
類,3
裏,3
量,3
厲,3
例,3
益,3
連,3
聯,3
絡,3
戀,3
良,3
靈,3
魂,3
域,3
令,3
汗,3
血,3
龍,3
取,3
露,3
營,3
輪,3
胎,3
桶,3
螞,3
蟻,3
罵,3
嘛,3
貿,3
玫,3
瑰,3
夢,3
迷,3
粉,3
秘,3
祕,3
密,3
切,3
描,3
秒,3
廟,3
民,3
族,3
顯,3
摸,3
摩,3
托,3
陌,3
某,3
木,3
耐,3
齡,3
農,3
喔,3
哦,3
噢,3
拍,3
牌,3
盼,3
陪,3
培,3
配,3
碰,3
批,3
評,3
膚,3
篇,3
騙,3
質,3
坪,3
破,3
葡,3
萄,3
普,3
欺,3
企,3
簽,3
謙,3
虛,3
淺,3
盜,3
搶,3
鬆,3
求,3
窮,3
缺,3
卻,3
確,3
忍,3
扔,3
仍,3
弱,3
傘,3
殺,3
晒,3
帝,3
蛇,3
深,3
甚,3
至,3
升,3
省,3
剩,3
濕,3
失,3
獅,3
石,3
際,3
使,3
適,3
穫,3
首,3
蔬,3
叔,3
悉,3
帥,3
順,3
似,3
乎,3
寺,3
隨,3
謂,3
它,3
抬,3
颱,3
態,3
厭,3
殊,3
提,3
供,3
貼,3
田,3
填,3
挑,3
戰,3
挺,3
投,3
資,3
突,3
土,3
兔,3
團,3
推,3
薦,3
銷,3
退,3
脫,3
娃,3
維,3
微,3
主,3
偉,3
未,3
柔,3
穩,3
吸,3
引,3
犧,3
牲,3
細,3
戲,3
系,3
嚇,3
線,3
限,3
制,3
詳,3
項,3
組,3
效,3
孝,3
協,3
欣,3
賞,3
奮,3
醒,3
性,3
虧,3
兇,3
兄,3
熊,3
修,3
選,3
擇,3
尋,3
呀,3
鴨,3
押,3
齒,3
煙,3
研,3
嚴,3
邀,3
咬,3
野,3
頁,3
依,3
義,3
陰,3
俊,3
擁,3
優,3
秀,3
幽,3
默,3
尤,3
由,3
於,3
誼,3
與,3
玉,3
預,3
遇,3
諒,3
越,3
閱,3
噪,3
增,3
炸,3
摘,3
暫,3
爭,3
掌,3
障,3
礙,3
招,3
哲,3
珍,3
整,3
齊,3
支,3
之,3
殖,3
植,3
智,3
慧,3
終,3
周,3
抓,3
專,3
狀,3
追,3
源,3
宗,3
祖,3
醉,3
佳,3
尊,3
敬,3
喲,4
慰,4
暗,4
骯,4
熬,4
拔,4
罷,4
託,4
拌,4
扮,4
傍,4
磅,4
裹,4
括,4
衛,4
仇,4
社,4
暴,4
躁,4
爆,4
悲,4
倍,4
奔,4
彼,4
閉,4
編,4
扁,4
揚,4
丙,4
並,4
撥,4
菠,4
波,4
玻,4
璃,4
薄,4
捕,4
補,4
償,4
止,4
欄,4
裁,4
判,4
踩,4
彩,4
蠶,4
慚,4
愧,4
慘,4
倉,4
庫,4
藏,4
冊,4
策,4
略,4
測,4
插,4
葉,4
拆,4
途,4
抄,4
鈔,4
朝,4
潮,4
溼,4
扯,4
澈,4
沉,4
陳,4
列,4
稱,4
撐,4
乘,4
懇,4
呈,4
序,4
翅,4
沖,4
崇,4
屜,4
愁,4
售,4
席,4
儲,4
蓄,4
罰,4
染,4
幢,4
闖,4
磁,4
彙,4
辭,4
湊,4
粗,4
促,4
催,4
款,4
搓,4
措,4
施,4
案,4
擾,4
呼,4
針,4
膽,4
嫂,4
型,4
致,4
貸,4
耽,4
誕,4
擋,4
檔,4
楣,4
罪,4
登,4
凳,4
滴,4
抗,4
遞,4
毯,4
震,4
燃,4
墊,4
扇,4
雕,4
吊,4
釣,4
跌,4
丁,4
盯,4
頂,4
洞,4
凍,4
棟,4
鬥,4
賭,4
端,4
鍛,4
鍊,4
岸,4
蹲,4
噸,4
奪,4
躲,4
鵝,4
劣,4
抖,4
射,4
展,4
番,4
繁,4
榮,4
覆,4
映,4
返,4
防,4
棄,4
肥,4
皂,4
肺,4
廢,4
析,4
紛,4
吩,4
咐,4
憤,4
怒,4
蜂,4
蜜,4
瘋,4
狂,4
逢,4
縫,4
諷,4
妻,4
幅,4
扶,4
浮,4
赴,4
副,4
輔,4
裕,4
製,4
肝,4
脆,4
恩,4
幹,4
港,4
幣,4
峰,4
割,4
擱,4
構,4
孤,4
估,4
丈,4
鼓,4
勵,4
骨,4
固,4
官,4
鍵,4
冠,4
臨,4
泛,4
闊,4
跪,4
臺,4
滾,4
鍋,4
籍,4
旗,4
渡,4
濾,4
峽,4
喊,4
毫,4
耗,4
召,4
嘿,4
痕,4
跡,4
橫,4
喉,4
嚨,4
猴,4
悔,4
蝴,4
蝶,4
鬍,4
盆,4
划,4
僑,4
懷,4
孕,4
緩,4
幻,4
慌,4
皇,4
昏,4
灰,4
伊,4
斯,4
蘭,4
匯,4
潑,4
躍,4
柴,4
災,4
獲,4
肌,4
械,4
即,4
集,4
疾,4
寂,4
寞,4
載,4
夾,4
甲,4
嫁,4
駕,4
駛,4
尖,4
銳,4
兼,4
監,4
獄,4
揀,4
撿,4
築,4
箭,4
漸,4
江,4
澆,4
落,4
繳,4
階,4
帳,4
截,4
屆,4
戒,4
額,4
融,4
屬,4
禁,4
浸,4
濟,4
京,4
競,4
糾,4
鞠,4
躬,4
巨,4
俱,4
捐,4
卷,4
捲,4
悟,4
拓,4
砍,4
慮,4
顆,4
怖,4
控,4
扣,4
跨,4
喇,4
叭,4
蠟,4
燭,4
椒,4
懶,4
爛,4
濫,4
狼,4
撈,4
牢,4
騷,4
勞,4
嘮,4
叨,4
梨,4
潤,4
粒,4
糧,4
倆,4
裂,4
凌,4
晨,4
袖,4
另,4
溜,4
嘍,4
摟,4
伍,4
雀,4
埋,4
饅,4
蠻,4
碌,4
盲,4
矛,4
盾,4
巾,4
煤,4
梅,4
妙,4
魅,4
診,4
猛,4
棉,4
勉,4
滅,4
亡,4
謠,4
磨,4
仿,4
抹,4
筋,4
泥,4
黏,4
粘,4
尿,4
捏,4
寧,4
鈕,4
村,4
濃,4
偶,4
斥,4
派,4
攀,4
泡,4
砲,4
賠,4
佩,4
噴,4
膨,4
脹,4
捧,4
匹,4
披,4
疲,4
倦,4
屁,4
股,4
偏,4
飄,4
拼,4
貧,4
聘,4
憑,4
衡,4
均,4
頗,4
迫,4
撲,4
鋪,4
瀑,4
餘,4
棋,4
袍,4
歧,4
氛,4
牽,4
遷,4
欠,4
槍,4
敲,4
瞧,4
悄,4
戚,4
侵,4
勤,4
寢,4
晰,4
傾,4
緒,4
娶,4
圈,4
拳,4
權,4
勸,4
乏,4
群,4
繞,4
惹,4
軟,4
塞,4
喪,4
艘,4
漠,4
傻,4
曬,4
閃,4
述,4
稍,4
舌,4
捨,4
攝,4
申,4
伸,4
聖,4
仙,4
審,4
慎,4
肖,4
繩,4
勝,4
眠,4
詩,4
傅,4
威,4
勢,4
拾,4
筒,4
壽,4
疏,4
耍,4
摔,4
衰,4
甩,4
率,4
胞,4
稅,4
碩,4
絲,4
撕,4
私,4
索,4
飼,4
碎,4
孫,4
損,4
縮,4
鎖,4
塌,4
彈,4
探,4
趟,4
燙,4
掏,4
逃,4
陶,4
瓷,4
淘,4
桃,4
訊,4
志,4
銅,4
透,4
禿,4
徑,4
吐,4
吞,4
拖,4
妥,4
哇,4
挖,4
歪,4
彎,4
腰,4
脅,4
違,4
唯,4
尾,4
委,4
屈,4
蚊,4
吻,4
汙,4
污,4
奈,4
武,4
蹈,4
勿,4
霧,4
菸,4
媳,4
菌,4
瞎,4
蝦,4
閒,4
嫌,4
羨,4
慕,4
腸,4
享,4
巷,4
宵,4
麥,4
曉,4
歇,4
斜,4
液,4
臟,4
郎,4
薪,4
仰,4
雄,4
宣,4
懸,4
靴,4
削,4
循,4
迅,4
壓,4
膏,4
沿,4
肅,4
延,4
癌,4
症,4
奏,4
掩,4
宴,4
癢,4
氧,4
搖,4
獸,4
裳,4
旦,4
移,4
疑,4
儀,4
乙,4
億,4
素,4
印,4
嬰,4
硬,4
憂,4
鬱,4
惠,4
膩,4
猶,4
豫,4
娛,4
冤,4
枉,4
緣,4
暈,4
允,4
砸,4
咱,4
贊,4
讚,4
葬,4
糟,4
遭,4
贈,4
窄,4
覽,4
占,4
佔,4
漲,4
偵,4
珠,4
枕,4
陣,4
睜,4
徵,4
潔,4
黨,4
府,4
援,4
擲,4
執,4
秩,4
央,4
腫,4
州,4
粥,4
竹,4
逐,4
賀,4
宅,4
註,4
賺,4
飾,4
壯,4
撞,4
准,4
捉,4
紫,4
幕,4
綜,4
織,4
阻,4
鑽,4
遵,4
挨,5
欸,5
滋,5
撫,5
昂,5
奧,5
懊,5
卦,5
頒,5
綁,5
袱,5
姆,5
佑,5
酬,5
刊,5
碑,5
哀,5
殼,5
誦,5
騰,5
崩,5
潰,5
甭,5
敝,5
輯,5
貶,5
匾,5
辨,5
辯,5
籤,5
孔,5
涕,5
擬,5
喻,5
憋,5
墅,5
兵,5
賓,5
柄,5
併,5
剝,5
搏,5
哺,5
乳,5
凡,5
妨,5
堪,5
懈,5
署,5
驟,5
忌,5
納,5
繪,5
謀,5
殘,5
酷,5
燦,5
蒼,5
蠅,5
縱,5
叢,5
蟬,5
饞,5
潺,5
猖,5
獗,5
倡,5
腔,5
暢,5
襲,5
廂,5
撤,5
塵,5
諾,5
摯,5
鈍,5
衝,5
擊,5
憧,5
憬,5
疊,5
尚,5
寵,5
稠,5
鋤,5
梭,5
喘,5
垂,5
慈,5
伺,5
匆,5
糙,5
魯,5
簇,5
摧,5
毀,5
磋,5
撮,5
獵,5
烊,5
洲,5
呆,5
歹,5
徒,5
逮,5
怠,5
醇,5
嶼,5
籠,5
瞪,5
嘀,5
咕,5
締,5
顛,5
雅,5
奠,5
惦,5
凋,5
釘,5
穴,5
脈,5
陡,5
堵,5
兌,5
峙,5
寡,5
媒,5
魁,5
墮,5
掘,5
誓,5
炎,5
藩,5
籬,5
販,5
禦,5
紡,5
蕩,5
翔,5
墟,5
沸,5
泌,5
墳,5
墓,5
糞,5
鋒,5
盛,5
奉,5
敷,5
衍,5
俘,5
虜,5
刑,5
輻,5
斧,5
蝕,5
朽,5
甦,5
賦,5
予,5
鈣,5
尷,5
尬,5
干,5
涉,5
燥,5
綱,5
崗,5
胳,5
膊,5
頌,5
疙,5
瘩,5
鴿,5
閡,5
耕,5
弓,5
債,5
攻,5
宮,5
殿,5
鞏,5
鳴,5
勾,5
辜,5
雇,5
僱,5
蝸,5
拐,5
棺,5
貫,5
徹,5
灌,5
溉,5
輝,5
芒,5
歸,5
軌,5
棍,5
君,5
敏,5
癮,5
嘯,5
券,5
睦,5
諧,5
核,5
狠,5
哼,5
轟,5
洪,5
宏,5
哄,5
籲,5
壺,5
胡,5
狐,5
瓣,5
卉,5
紋,5
裔,5
患,5
荒,5
唐,5
惶,5
恍,5
惚,5
煌,5
迴,5
賄,5
賂,5
彗,5
渾,5
淆,5
濁,5
焰,5
伙,5
伴,5
豁,5
飢,5
畸,5
祥,5
汲,5
嫉,5
妒,5
暨,5
劑,5
祭,5
祀,5
傢,5
枷,5
若,5
煎,5
艱,5
鉅,5
賤,5
濺,5
焦,5
攪,5
轎,5
誨,5
皆,5
坊,5
洽,5
揭,5
儉,5
竭,5
捷,5
剖,5
藉,5
津,5
謹,5
勁,5
晉,5
髓,5
緻,5
鯨,5
井,5
惕,5
揪,5
沮,5
抉,5
勻,5
閥,5
艦,5
闢,5
啟,5
慷,5
慨,5
扛,5
苛,5
吭,5
曠,5
懼,5
衷,5
耀,5
妄,5
礦,5
昆,5
捆,5
臘,5
攔,5
惰,5
鼠,5
雷,5
勒,5
哩,5
黎,5
罹,5
弊,5
盟,5
繫,5
廉,5
龐,5
譜,5
遼,5
鈴,5
氓,5
柳,5
罩,5
壟,5
漏,5
爐,5
廓,5
倫,5
淪,5
陷,5
卵,5
囉,5
嗦,5
鑼,5
邏,5
魄,5
駱,5
駝,5
驢,5
鋁,5
履,5
薯,5
伏,5
邁,5
瞞,5
蔓,5
茫,5
茂,5
枚,5
眉,5
悶,5
蒙,5
謎,5
惑,5
彌,5
冥,5
綿,5
疫,5
魔,5
墨,5
契,5
畝,5
沐,5
睹,5
牧,5
募,5
乃,5
囊,5
閣,5
涵,5
凝,5
扭,5
奴,5
隸,5
挪,5
懦,5
虐,5
歐,5
爾,5
趴,5
遣,5
拋,5
沫,5
漆,5
蓬,5
勃,5
憊,5
譬,5
乒,5
乓,5
樸,5
曝,5
淒,5
侮,5
幟,5
乞,5
丐,5
恰,5
遜,5
潛,5
虔,5
樑,5
俏,5
翹,5
峭,5
竊,5
賊,5
欽,5
翠,5
蛙,5
蔑,5
侶,5
丘,5
陵,5
趨,5
渠,5
悅,5
泉,5
嚷,5
饒,5
仁,5
溶,5
譽,5
揉,5
儒,5
撒,5
謊,5
灑,5
嗓,5
澤,5
剎,5
煞,5
啞,5
谷,5
爍,5
擅,5
榷,5
旬,5
奢,5
侈,5
氏,5
滲,5
賢,5
蹤,5
屍,5
髦,5
踐,5
屎,5
喚,5
仕,5
逝,5
嗜,5
狩,5
梳,5
縛,5
苗,5
霜,5
爽,5
稻,5
晶,5
蒸,5
瞬,5
賜,5
松,5
慫,5
恿,5
搜,5
塑,5
膠,5
隧,5
瑣,5
牠,5
塔,5
貪,5
痰,5
坦,5
倘,5
汰,5
剔,5
啼,5
添,5
滯,5
緝,5
兀,5
壤,5
瓦,5
頑,5
挽,5
惋,5
旺,5
萎,5
胃,5
馴,5
瘟,5
壇,5
紊,5
烏,5
龜,5
鴉,5
辱,5
溪,5
錫,5
昔,5
瑕,5
疵,5
狹,5
掀,5
丹,5
驅,5
艶,5
豔,5
纖,5
憲,5
鑲,5
嚮,5
瀟,5
逍,5
遙,5
夥,5
忠,5
嘻,5
洩,5
胸,5
穎,5
賴,5
辰,5
隆,5
繡,5
酗,5
敘,5
旋,5
崖,5
巡,5
詢,5
芽,5
亞,5
淹,5
岩,5
燕,5
窩,5
窯,5
晃,5
療,5
咦,5
遺,5
憾,5
倚,5
亦,5
抑,5
毅,5
翌,5
擎,5
隱,5
櫻,5
鷹,5
唷,5
湧,5
踴,5
悠,5
鈾,5
誘,5
幼,5
稚,5
于,5
逾,5
愚,5
蠢,5
輿,5
漁,5
宇,5
宙,5
愈,5
醞,5
釀,5
栽,5
嘆,5
歎,5
贓,5
扎,5
沾,5
盞,5
嶄,5
顫,5
兢,5
篷,5
沼,5
遮,5
蔽,5
灸,5
鎮,5
振,5
掙,5
脂,5
肪,5
庸,5
皺,5
株,5
諸,5
翁,5
宰,5
旨,5
軸,5
囑,5
矚,5
柱,5
佇,5
駐,5
磚,5
撰,5
莊,5
潢,5
卓,5
酌,5
姿,5
豪,5
廊,5
揍,5
賃,5
撓,5
脣,5
銘,5
